"STATION","NAME","DATE","AWND","CDSD","DSND","DSNW","EMNT","EMSD","EMSN","EMXP","EMXT","HDSD","PRCP","SNOW","TAVG","TMAX","TMIN","WDF2","WDF5","WDFG","WDMV","WSF2","WSF5","WSFG"
"USR0000CNUC","NUCLA COLORADO, CO US","2015",,"816",,,"-2",,,,"99","4948",,,"53.1","66.6","39.7",,,,,,,
"USR0000CNUC","NUCLA COLORADO, CO US","2016",,"839",,,"0",,,,"101","5453",,,"52.9","66.7","39.1",,,,,,,
"USR0000CNUC","NUCLA COLORADO, CO US","2017",,"1039",,,"-1",,,,"100","4817",,,"54.8","69.0","40.7",,,,,,,
"USR0000CNUC","NUCLA COLORADO, CO US","2018",,"1229",,,"8",,,,"100","4721",,,"54.0","67.9","40.1",,,,,,,
"USR0000CNUC","NUCLA COLORADO, CO US","2019",,"972",,,"-1",,,,"98","5864",,,"51.6","65.0","38.3",,,,,,,
"USR0000CNUC","NUCLA COLORADO, CO US","2020",,"1188",,,"3",,,,"101","5401",,,"53.7","68.2","39.2",,,,,,,
"USC00055934","NEW RAYMER 21 N, CO US","2015",,"479","       56","        14","-7","10","6.5","2.56","95","6393","25.13","36.8","48.8","62.8","34.8",,,,,,,
"USC00055934","NEW RAYMER 21 N, CO US","2016",,"581","       66","        13","-19","13","10.0","0.93","99","6495","17.00","45.9","49.0","63.8","34.1",,,,,,,
"USC00055934","NEW RAYMER 21 N, CO US","2017",,"543","       48","         9","-16","6","6.0","1.12","102","6312","17.46","30.1","49.1","64.0","34.2",,,,,,,
"USC00055934","NEW RAYMER 21 N, CO US","2018",,,,,,,,,,"6593",,,,,,,,,,,,
"USC00055934","NEW RAYMER 21 N, CO US","2019",,"429","       60","        20","-20","8","7.0","1.46","98",,"23.15","56.2","45.4","59.4","31.5",,,,,,,
"USC00055934","NEW RAYMER 21 N, CO US","2020",,"724","       42","        16","-2","7","6.0","2.03","102","6921","14.08","39.2","48.4","64.1","32.8",,,,,,,
"US1COGN0018","CRESTED BUTTE 6.2 N, CO US","2015",,,"      192","        77",,"59","19.0","1.01",,,"38.52","340.7",,,,,,,,,,
"US1COGN0018","CRESTED BUTTE 6.2 N, CO US","2016",,,"      188","        75",,"62","16.0","1.14",,,"30.29","311.8",,,,,,,,,,
"US1COGN0018","CRESTED BUTTE 6.2 N, CO US","2017",,,"      208","        71",,"91","20.0","2.10",,,"33.34","333.8",,,,,,,,,,
"US1COGN0018","CRESTED BUTTE 6.2 N, CO US","2018",,,"      198","        64",,"41","11.0","1.32",,,"27.58","232.2",,,,,,,,,,
"US1COGN0018","CRESTED BUTTE 6.2 N, CO US","2019",,,"      218","        90",,"94","14.5","1.62",,,"36.68","377.4",,,,,,,,,,
"US1COGN0018","CRESTED BUTTE 6.2 N, CO US","2020",,,"      190","        67",,"56","12.0","0.97",,,"25.61","245.4",,,,,,,,,,
"US1COLR0500","LOV 3.8 S, CO US","2017",,,,,,,,"2.35",,,"17.96",,,,,,,,,,,
"US1COLR0500","LOV 3.8 S, CO US","2019",,,,,,,,"1.40",,,"17.06",,,,,,,,,,,
"US1COLR0500","LOV 3.8 S, CO US","2020",,,,,,,,"1.18",,,"12.32",,,,,,,,,,,
"US1COJF0081","CONIFER 3.9 SE, CO US","2015",,,,,,,,,,,"30.55",,,,,,,,,,,
"US1COJF0081","CONIFER 3.9 SE, CO US","2016",,,,,,,,"2.10",,,"20.37",,,,,,,,,,,
"US1COJF0081","CONIFER 3.9 SE, CO US","2018",,,,,,,,"1.02",,,"16.07",,,,,,,,,,,
"US1COJF0081","CONIFER 3.9 SE, CO US","2019",,,,,,,,"1.52",,,"21.17",,,,,,,,,,,
"US1COJF0081","CONIFER 3.9 SE, CO US","2020",,,,,,,,"1.11",,,"14.46",,,,,,,,,,,
"USC00054603","KIT CARSON, CO US","2015",,"1049","       23","         7","-6","5","5.3","1.61","104","5495","18.54","19.3","53.3","70.0","36.6",,,,,,,
"USC00054603","KIT CARSON, CO US","2016",,,,,,,,,,,,,,,,,,,,,,
"USC00054603","KIT CARSON, CO US","2019",,,,,,,,,,,,,,,,,,,,,,
"USC00054603","KIT CARSON, CO US","2020",,,,,,,,,,,,,,,,,,,,,,
"US1COJF0240","ARVADA 3.8 W, CO US","2015",,,,,,,,"1.56",,,"26.07",,,,,,,,,,,
"US1COJF0240","ARVADA 3.8 W, CO US","2016",,,,,,,,"1.25",,,"13.70",,,,,,,,,,,
"US1COJF0240","ARVADA 3.8 W, CO US","2017",,,,,,,,"1.28",,,"17.74",,,,,,,,,,,
"US1COJF0240","ARVADA 3.8 W, CO US","2018",,,,,,,,"1.14",,,"12.06",,,,,,,,,,,
"US1COJF0240","ARVADA 3.8 W, CO US","2019",,,,,,,,"0.97",,,"17.43",,,,,,,,,,,
"US1COJF0240","ARVADA 3.8 W, CO US","2020",,,,,,,,"1.14",,,"12.02",,,,,,,,,,,
"USC00053116","FRASER, CO US","2015",,"0","      143","        35","-27","26","13.0","0.69","83",,"13.81","96.1","37.4","54.1","20.6",,,,,,,
"USC00053116","FRASER, CO US","2017",,"0","      124","        38","-34","30","11.5","1.15","84",,"16.74","119.1","38.4","55.3","21.4",,,,,,,
"USC00053116","FRASER, CO US","2018",,,"      140","        32",,"21","6.6","0.75",,"9174","13.11","102.7",,,,,,,,,,
"USC00053116","FRASER, CO US","2019",,,,,,,,,,,,,,,,,,,,,,
"USC00053116","FRASER, CO US","2020",,,,,,,,,,,,,,,,,,,,,,
"USR0000CCOC","CORRAL CREEK COLORADO, CO US","2015",,"7",,,"-9",,,,"86","7824",,,"43.9","56.9","30.8",,,,,,,
"USR0000CCOC","CORRAL CREEK COLORADO, CO US","2016",,"32",,,"-11",,,,"89","7688",,,"44.5","58.3","30.6",,,,,,,
"USR0000CCOC","CORRAL CREEK COLORADO, CO US","2017",,"31",,,"-8",,,,"86","7272",,,"44.7","58.3","31.2",,,,,,,
"USR0000CCOC","CORRAL CREEK COLORADO, CO US","2018",,"43",,,"-9",,,,"90","7299",,,"43.7","57.8","29.7",,,,,,,
"USR0000CCOC","CORRAL CREEK COLORADO, CO US","2019",,"51",,,"-14",,,,"88","8389",,,"42.3","56.4","28.3",,,,,,,
"USR0000CCOC","CORRAL CREEK COLORADO, CO US","2020",,"57",,,"-14",,,,"89","7694",,,"43.9","58.4","29.3",,,,,,,
"USS0005K09S","GRIZZLY PEAK, CO US","2015",,"0","      233",,"-6","58",,"1.00","71","10541","27.49",,"36.5","45.8","27.2",,,,,,,
"USS0005K09S","GRIZZLY PEAK, CO US","2016",,"0","      225",,"-9","67",,"1.40","74","10547","26.91",,"36.6","46.0","27.1",,,,,,,
"USS0005K09S","GRIZZLY PEAK, CO US","2017",,,"      256",,,"76",,"1.30",,"10123","33.30",,,,,,,,,,,
"USS0005K09S","GRIZZLY PEAK, CO US","2018",,,"      230",,,"69",,"1.50",,,"24.80",,,,,,,,,,,
"USS0005K09S","GRIZZLY PEAK, CO US","2019",,,"      258",,,"87",,"1.00",,,"28.00",,,,,,,,,,,
"USS0005K09S","GRIZZLY PEAK, CO US","2020",,,"      224",,"-16","64",,"1.30",,,"25.00",,,,"25.1",,,,,,,
"USC00051977","CRIPPLE CREEK 3 NNW, CO US","2015",,"12","      149","        33","-9","11","9.0","1.23","82",,"21.77","108.5","42.7","53.7","31.7",,,,,,,
"USC00051977","CRIPPLE CREEK 3 NNW, CO US","2016",,"33","      151","        30","-9","18","18.0","1.00","86","8212","18.76","120.9","42.6","53.9","31.4",,,,,,,
"USC00051977","CRIPPLE CREEK 3 NNW, CO US","2017",,,"       92","        25",,"7","6.2","1.88","87",,"22.99","61.7",,"54.8",,,,,,,,
"USC00051977","CRIPPLE CREEK 3 NNW, CO US","2018",,,,,,,,,,,,,,,,,,,,,,
"USC00051977","CRIPPLE CREEK 3 NNW, CO US","2019",,"28","      190",,"-7","13",,"0.91","85",,"16.00",,"40.6","52.1","29.1",,,,,,,
"USC00051977","CRIPPLE CREEK 3 NNW, CO US","2020",,"36",,,"-9",,,,"85","8653",,,"42.0","53.9","30.0",,,,,,,
"US1COWE0043","GREELEY 10.5 SSE, CO US","2015",,,,,,,,"1.48",,,"19.02",,,,,,,,,,,
"US1COWE0043","GREELEY 10.5 SSE, CO US","2016",,,,,,,,"1.28",,,"13.19",,,,,,,,,,,
"US1COWE0043","GREELEY 10.5 SSE, CO US","2017",,,,,,,,"2.02",,,"16.09",,,,,,,,,,,
"US1COWE0043","GREELEY 10.5 SSE, CO US","2018",,,,,,,,"1.86",,,"12.04",,,,,,,,,,,
"US1COWE0043","GREELEY 10.5 SSE, CO US","2019",,,,,,,,"1.26",,,"16.39",,,,,,,,,,,
"US1COWE0043","GREELEY 10.5 SSE, CO US","2020",,,,,,,,"0.97",,,"10.60",,,,,,,,,,,
"US1COME0064","GRAND JUNCTION 5.5 SW, CO US","2018",,,,,,,,"1.07",,,"9.11",,,,,,,,,,,
"US1COME0064","GRAND JUNCTION 5.5 SW, CO US","2020",,,,,,,,"1.03",,,"5.81",,,,,,,,,,,
"US1COBO0143","LONGMONT 2.1 N, CO US","2015",,,,"        19",,,"7.0","1.87",,,"17.17","53.0",,,,,,,,,,
"US1COBO0143","LONGMONT 2.1 N, CO US","2016",,,,"        12",,,"9.0","1.15",,,"10.57","54.1",,,,,,,,,,
"US1COBO0143","LONGMONT 2.1 N, CO US","2017",,,,"         9",,,"6.9","1.69",,,"13.75","31.4",,,,,,,,,,
"US1COBO0143","LONGMONT 2.1 N, CO US","2018",,,,"        11",,,"5.2","0.94",,,"12.94","33.9",,,,,,,,,,
"US1COBO0143","LONGMONT 2.1 N, CO US","2019",,,,"        20",,,"10.5","1.12",,,"16.43","63.3",,,,,,,,,,
"US1COBO0143","LONGMONT 2.1 N, CO US","2020",,,,"        19",,,"10.0","1.20",,,"12.05","59.2",,,,,,,,,,
"USR0000CRDS","REDSTONE COLORADO, CO US","2015",,"511",,,"-2",,,,"92","5784",,,"50.5","61.9","39.2",,,,,,,
"USR0000CRDS","REDSTONE COLORADO, CO US","2016",,"544",,,"-7",,,,"97","5781",,,"51.0","63.0","38.9",,,,,,,
"USR0000CRDS","REDSTONE COLORADO, CO US","2017",,"502",,,"-6",,,,"96","5444",,,"50.5","62.4","38.6",,,,,,,
"USR0000CRDS","REDSTONE COLORADO, CO US","2018",,"515",,,"-8",,,,"97","5863",,,"49.3","61.3","37.3",,,,,,,
"USR0000CRDS","REDSTONE COLORADO, CO US","2019",,"597",,,"-8",,,,"101","6671",,,"48.3","60.3","36.2",,,,,,,
"USR0000CRDS","REDSTONE COLORADO, CO US","2020",,"685",,,"-3",,,,"98","6194",,,"50.3","62.8","37.8",,,,,,,
"USS0006J09S","RABBIT EARS, CO US","2015",,,"      223",,,"63",,"2.00",,,"39.23",,,,,,,,,,,
"USS0006J09S","RABBIT EARS, CO US","2016",,,"      211",,,"87",,"1.60",,,"45.10",,,,,,,,,,,
"USS0006J09S","RABBIT EARS, CO US","2017",,,"      246",,,"65",,"1.40",,,"38.92",,,,,,,,,,,
"USS0006J09S","RABBIT EARS, CO US","2018",,,"      233",,,"78",,"2.00",,,"40.39",,,,,,,,,,,
"USS0006J09S","RABBIT EARS, CO US","2019",,"0","      252",,"-10","86",,"2.00","78","10005","46.13",,"37.5","47.7","27.2",,,,,,,
"USS0006J09S","RABBIT EARS, CO US","2020",,"4","      241",,"-11","86",,"1.80","81","9720","34.78",,"39.1","49.9","28.2",,,,,,,
"USW00003026","BURLINGTON CARSON AIRPORT, CO US","2015","11.6","969",,,"-7",,,"1.36","99","5576","23.51",,"53.0","66.8","39.3","       230","       220",,,"47.0","62.0",
"USW00003026","BURLINGTON CARSON AIRPORT, CO US","2016","12.3","998",,,"-15",,,"2.47","104","5303","19.33",,"53.3","68.4","38.2","       270","       250",,,"61.1","74.0",
"USW00003026","BURLINGTON CARSON AIRPORT, CO US","2017","11.6","826",,,"-9",,,"2.25","100","5109","24.87",,"52.6","67.3","37.8","       240","       280",,,"48.1","59.9",
"USW00003026","BURLINGTON CARSON AIRPORT, CO US","2018","11.9","996",,,"-8",,,"2.19","102","5718","17.18",,"51.3","66.4","36.2","       320","       340",,,"55.0","74.0",
"USW00003026","BURLINGTON CARSON AIRPORT, CO US","2019","11.6","1040",,,"-11",,,"1.57","104","6333","15.16",,"50.9","65.4","36.3","       340","       350",,,"52.1","74.0",
"USW00003026","BURLINGTON CARSON AIRPORT, CO US","2020","12.5","1182",,,"-3",,,"3.38","104","5607","13.44",,"53.1","68.9","37.4","       320","       330",,,"53.9","74.0",
"USS0005J39S","BEAR LAKE, CO US","2015",,"1","      229",,"-9","57",,"2.10","77","8956","34.32",,"40.9","49.4","32.5",,,,,,,
"USS0005J39S","BEAR LAKE, CO US","2016",,"5","      203",,"-8","61",,"1.40","79","8980","32.23",,"40.6","49.2","32.1",,,,,,,
"USS0005J39S","BEAR LAKE, CO US","2017",,"3","      231",,"-16","68",,"2.80","80","8809","41.43",,"40.8","49.4","32.3",,,,,,,
"USS0005J39S","BEAR LAKE, CO US","2018",,"5","      225",,"-10","49",,"1.40","79","8697","29.54",,"40.2","48.8","31.6",,,,,,,
"USS0005J39S","BEAR LAKE, CO US","2019",,"8","      238",,"-12","73",,"1.30","79","9570","35.23",,"38.9","47.6","30.3",,,,,,,
"USS0005J39S","BEAR LAKE, CO US","2020",,,"      229",,,"85",,"1.40",,"9254","28.96",,,,,,,,,,,
"USR0000CPOR","PORCUPINE CREEK COLORADO, CO US","2015",,"0",,,"-19",,,,"81","10119",,,"37.0","52.2","21.8",,,,,,,
"USR0000CPOR","PORCUPINE CREEK COLORADO, CO US","2016",,"0",,,"-24",,,,"83","10624",,,"36.2","51.8","20.6",,,,,,,
"USR0000CPOR","PORCUPINE CREEK COLORADO, CO US","2017",,,,,"-28",,,,"82",,,,"37.7","52.7","22.7",,,,,,,
"USR0000CPOR","PORCUPINE CREEK COLORADO, CO US","2018",,"0",,,"-18",,,,"85","9998",,,"36.5","52.2","20.7",,,,,,,
"USR0000CPOR","PORCUPINE CREEK COLORADO, CO US","2019",,"0",,,"-22",,,,"81","11024",,,"34.4","49.7","19.0",,,,,,,
"USR0000CPOR","PORCUPINE CREEK COLORADO, CO US","2020",,"0",,,"-25",,,,"84","10987",,,"35.5","51.8","19.2",,,,,,,
"USS0007M29S","LIZARD HEAD PASS, CO US","2015",,"0","      192",,"-12","60",,"1.60","76","9436","32.23",,"38.6","51.1","26.1",,,,,,,
"USS0007M29S","LIZARD HEAD PASS, CO US","2016",,"0","      187",,"-13","64",,"1.00","79","9905","28.44",,"38.2","51.0","25.4",,,,,,,
"USS0007M29S","LIZARD HEAD PASS, CO US","2017",,"0","      202",,"-11","72",,"1.00","76","9588","26.54",,"39.5","52.3","26.7",,,,,,,
"USS0007M29S","LIZARD HEAD PASS, CO US","2018",,"0","      198",,"-10","28",,"0.60","77","9218","17.74",,"38.4","51.9","24.9",,,,,,,
"USS0007M29S","LIZARD HEAD PASS, CO US","2019",,"0","      225",,"-15","89",,"1.20","76","10324","30.27",,"36.8","50.1","23.6",,,,,,,
"USS0007M29S","LIZARD HEAD PASS, CO US","2020",,"0","      188",,"-15","54",,"1.50","80","9769","19.86",,"38.7","52.6","24.8",,,,,,,
"US1COBO0030","BOULDER 1.9 SE, CO US","2015",,,,,,,,"2.13",,,"25.32",,,,,,,,,,,
"US1COBO0030","BOULDER 1.9 SE, CO US","2016",,,,,,,,"1.45",,,"15.43",,,,,,,,,,,
"US1COBO0030","BOULDER 1.9 SE, CO US","2017",,,,,,,,"1.94",,,"20.13",,,,,,,,,,,
"US1COBO0030","BOULDER 1.9 SE, CO US","2018",,,,,,,,"1.45",,,"17.87",,,,,,,,,,,
"US1COBO0030","BOULDER 1.9 SE, CO US","2019",,,,,,,,"1.44",,,"20.00",,,,,,,,,,,
"US1COBO0030","BOULDER 1.9 SE, CO US","2020",,,,,,,,"1.60",,,"16.16",,,,,,,,,,,
"USC00050756","BLACK FOREST 6 WNW, CO US","2015",,"405","       72","        27","-2","12","10.0","2.21","93","6104","28.19","100.1","49.7","63.1","36.3",,,,,,,
"USC00050756","BLACK FOREST 6 WNW, CO US","2016",,"476","       54","        26","-9","18","13.0","1.60","97","5947","20.35","98.7","50.4","64.5","36.3",,,,,,,
"USC00050756","BLACK FOREST 6 WNW, CO US","2017",,"424",,"        19","-3",,"8.1","1.44","95","5451","15.82","52.9","50.9","65.1","36.8",,,,,,,
"USC00050756","BLACK FOREST 6 WNW, CO US","2018",,"599","       31","        16","-2","6","5.9","0.45","99","5581","11.19","55.6","50.1","64.7","35.5",,,,,,,
"USC00050756","BLACK FOREST 6 WNW, CO US","2019",,"492","       79","        30","-7","11","11.0","1.76","96","6655","18.88","125.3","48.3","62.1","34.5",,,,,,,
"USC00050756","BLACK FOREST 6 WNW, CO US","2020",,"672","       52","        20","-4","8","7.4","1.18","98","6198","11.82","73.9","50.2","65.0","35.5",,,,,,,
"USC00052934","FLATIRON RESERVOIR, CO US","2015",,,,,,,,,,,"20.17",,,,,,,,,,,
"USC00052934","FLATIRON RESERVOIR, CO US","2016",,,,,,,,,,,"9.71",,,,,,,,,,,
"USC00052934","FLATIRON RESERVOIR, CO US","2017",,,,,,,,,,,"17.04",,,,,,,,,,,
"USC00052934","FLATIRON RESERVOIR, CO US","2018",,,,,,,,,,,"12.50",,,,,,,,,,,
"USC00052934","FLATIRON RESERVOIR, CO US","2019",,,,,,,,,,,"16.37",,,,,,,,,,,
"USC00052934","FLATIRON RESERVOIR, CO US","2020",,,,,,,,,,,"11.37",,,,,,,,,,,
"USR0000CBLK","BLACK MOUNTAIN COLORADO, CO US","2015",,"89",,,"-3",,,,"85","7006",,,"46.0","56.1","35.8",,,,,,,
"USR0000CBLK","BLACK MOUNTAIN COLORADO, CO US","2016",,"144",,,"-10",,,,"87","7063",,,"46.4","56.8","35.9",,,,,,,
"USR0000CBLK","BLACK MOUNTAIN COLORADO, CO US","2017",,"74",,,"-8",,,,"83","6763",,,"46.5","56.6","36.3",,,,,,,
"USR0000CBLK","BLACK MOUNTAIN COLORADO, CO US","2018",,"182",,,"-6",,,,"89","6439",,,"46.5","57.4","35.6",,,,,,,
"USR0000CBLK","BLACK MOUNTAIN COLORADO, CO US","2019",,"159",,,"-6",,,,"86","7711",,,"44.7","55.3","34.1",,,,,,,
"USR0000CBLK","BLACK MOUNTAIN COLORADO, CO US","2020",,"234",,,"-5",,,,"87","7033",,,"46.4","57.3","35.6",,,,,,,
"USS0006J38S","LOST DOG, CO US","2015",,,"      213",,,"64",,"1.00",,"8228","32.52",,,,,,,,,,,
"USS0006J38S","LOST DOG, CO US","2016",,,"      208",,,"68",,"1.90",,,"37.30",,,,,,,,,,,
"USS0006J38S","LOST DOG, CO US","2017",,,,,,,,"1.10",,,"36.93",,,,,,,,,,,
"USS0006J38S","LOST DOG, CO US","2018",,"67","      218",,"-5","59",,"0.90","81",,"30.31",,"41.8","49.3","34.2",,,,,,,
"USS0006J38S","LOST DOG, CO US","2019",,"34","      249",,"-7","88",,"1.30","78","9066","40.34",,"40.0","47.7","32.4",,,,,,,
"USS0006J38S","LOST DOG, CO US","2020",,"74","      228",,"-7","74",,"1.20","80","8990","28.35",,"41.6","49.5","33.6",,,,,,,
"USC00050263","ANTERO RESERVOIR, CO US","2015",,,"       92","        28",,"6","8.0","1.89",,,"15.55","80.4",,,,,,,,,,
"USC00050263","ANTERO RESERVOIR, CO US","2016",,"1","       79","        16","-45","14","12.0","0.94","85",,"9.77","53.5","37.4","54.9","19.9",,,,,,,
"USC00050263","ANTERO RESERVOIR, CO US","2017",,"2","       57","        20","-40","6","3.0","0.85","85","9698","9.52","33.3","38.8","55.6","22.1",,,,,,,
"USC00050263","ANTERO RESERVOIR, CO US","2018",,"1","       32","        10","-24","6","6.0","0.80","85","9082","6.58","21.9","38.1","55.9","20.2",,,,,,,
"USC00050263","ANTERO RESERVOIR, CO US","2019",,"0","      160","        29","-48","11","7.0","0.52","85","10894","10.21","93.8","33.5","51.2","15.9",,,,,,,
"USC00050263","ANTERO RESERVOIR, CO US","2020",,"0","      117","        17","-47","8","6.5","0.70","85","10988","7.08","50.4","35.1","53.5","16.7",,,,,,,
"US1COAR0099","AURORA 4.1 S, CO US","2016",,,,,,,,"1.71",,,"13.98",,,,,,,,,,,
"US1COAR0099","AURORA 4.1 S, CO US","2017",,,,,,,,"0.97",,,"14.23",,,,,,,,,,,
"US1COAR0099","AURORA 4.1 S, CO US","2018",,,,,,,,"1.12",,,"12.31",,,,,,,,,,,
"US1COAR0099","AURORA 4.1 S, CO US","2019",,,,,,,,"1.30",,,"18.89",,,,,,,,,,,
"US1COAR0099","AURORA 4.1 S, CO US","2020",,,,,,,,"1.55",,,"10.76",,,,,,,,,,,
"US1COLR0567","LA PORTE 10.0 NNW, CO US","2015",,,,,,,,"1.72",,,"22.56",,,,,,,,,,,
"US1COLR0567","LA PORTE 10.0 NNW, CO US","2020",,,,,,,,"1.02",,,"12.05",,,,,,,,,,,
"USR0000CPNR","PINE RIDGE COLORADO, CO US","2015",,"537",,,"1",,,,"93","6027",,,"49.9","60.2","39.5",,,,,,,
"USR0000CPNR","PINE RIDGE COLORADO, CO US","2016",,"606",,,"0",,,,"94","6318",,,"49.7","60.5","39.0",,,,,,,
"USR0000CPNR","PINE RIDGE COLORADO, CO US","2017",,"712",,,"-4",,,,"94","5638",,,"51.3","62.1","40.5",,,,,,,
"USR0000CPNR","PINE RIDGE COLORADO, CO US","2018",,"879",,,"3",,,,"95","5708",,,"50.4","61.0","39.9",,,,,,,
"USR0000CPNR","PINE RIDGE COLORADO, CO US","2019",,"665",,,"-1",,,,"95","6854",,,"48.1","58.8","37.5",,,,,,,
"USR0000CPNR","PINE RIDGE COLORADO, CO US","2020",,"860",,,"-2",,,,"94","6406",,,"50.2","61.4","39.0",,,,,,,
"USC00052965","FLORISSANT FOSSIL BED, CO US","2015",,"2",,,"-14",,,,"85","8687","22.17",,"41.2","57.0","25.4",,,,,,,
"USC00052965","FLORISSANT FOSSIL BED, CO US","2016",,,"       85","        17",,"10","7.8","1.15",,"8793","15.24","56.9",,,,,,,,,,
"USC00052965","FLORISSANT FOSSIL BED, CO US","2017",,"1","       43","        13","-19","4","4.0",,"87",,"16.68","35.3","42.2","58.8","25.5",,,,,,,
"USC00052965","FLORISSANT FOSSIL BED, CO US","2018",,"2",,,"-12",,,,"90","8127",,,"41.6","59.7","23.6",,,,,,,
"USC00052965","FLORISSANT FOSSIL BED, CO US","2019",,"2",,,"-17",,,,"87","9249",,,"39.3","56.6","22.1",,,,,,,
"USC00052965","FLORISSANT FOSSIL BED, CO US","2020",,"10","      114","        17","-23","19","8.0","0.65","87","9112","9.88","54.3","40.5","59.1","22.0",,,,,,,
"US1CORG0009","DEL NORTE 0.25 NW, CO US","2016",,,,,,,,"1.16",,,"11.30",,,,,,,,,,,
"US1CORG0009","DEL NORTE 0.25 NW, CO US","2017",,,,,,,,"0.93",,,"12.15",,,,,,,,,,,
"US1CORG0009","DEL NORTE 0.25 NW, CO US","2018",,,,,,,,"1.10",,,"9.56",,,,,,,,,,,
"US1CORG0009","DEL NORTE 0.25 NW, CO US","2019",,,,,,,,"1.54",,,"11.66",,,,,,,,,,,
"US1CORG0009","DEL NORTE 0.25 NW, CO US","2020",,,,,,,,"1.69",,,"9.82",,,,,,,,,,,
"USR0000CDOW","DOWD JUNCTION COLORADO, CO US","2015",,,,,,,,,,"8814",,,,,,,,,,,,
"USR0000CDOW","DOWD JUNCTION COLORADO, CO US","2016",,"4",,,"-9",,,,"81",,,,"39.8","51.5","28.2",,,,,,,
"USR0000CDOW","DOWD JUNCTION COLORADO, CO US","2017",,"0",,,"-12",,,,"81","8894",,,"40.7","52.4","29.1",,,,,,,
"USR0000CDOW","DOWD JUNCTION COLORADO, CO US","2018",,"9",,,"-7",,,,"85","8604",,,"40.0","52.1","28.0",,,,,,,
"USR0000CDOW","DOWD JUNCTION COLORADO, CO US","2019",,"1",,,"-10",,,,"81","9722",,,"38.1","49.8","26.5",,,,,,,
"USR0000CDOW","DOWD JUNCTION COLORADO, CO US","2020",,"17",,,"-12",,,,"84","9581",,,"39.6","51.7","27.5",,,,,,,
"US1COBO0285","ERIE 1.7 WNW, CO US","2015",,,,,,,,"1.99",,,"21.02",,,,,,,,,,,
"US1COBO0285","ERIE 1.7 WNW, CO US","2017",,,,,,,,"1.86",,,"16.14",,,,,,,,,,,
"US1COBO0285","ERIE 1.7 WNW, CO US","2019",,,,,,,,"1.25",,,"15.87",,,,,,,,,,,
"US1COBO0285","ERIE 1.7 WNW, CO US","2020",,,,,,,,"1.09",,,"11.57",,,,,,,,,,,
"US1COAD0087","BRIGHTON 1.7 ESE, CO US","2015",,,,,,,,"1.34",,,"16.20",,,,,,,,,,,
"US1COAD0087","BRIGHTON 1.7 ESE, CO US","2016",,,,,,,,"1.14",,,"10.92",,,,,,,,,,,
"US1COAD0087","BRIGHTON 1.7 ESE, CO US","2017",,,,,,,,"1.68",,,"11.65",,,,,,,,,,,
"US1COAD0087","BRIGHTON 1.7 ESE, CO US","2018",,,,,,,,"1.48",,,"10.40",,,,,,,,,,,
"US1COAD0087","BRIGHTON 1.7 ESE, CO US","2019",,,,,,,,"0.97",,,"13.23",,,,,,,,,,,
"US1COAD0087","BRIGHTON 1.7 ESE, CO US","2020",,,,,,,,"1.69",,,"10.09",,,,,,,,,,,
"USS0005J41S","LAKE ELDORA, CO US","2015",,"2","      220",,"-5","49",,"1.70","79","8678","32.58",,"41.5","50.6","32.3",,,,,,,
"USS0005J41S","LAKE ELDORA, CO US","2016",,"11","      189",,"-12","62",,"1.70","80","8799","28.48",,"41.3","50.7","31.9",,,,,,,
"USS0005J41S","LAKE ELDORA, CO US","2017",,"4","      206",,"-10","51",,"2.60","79","8500","32.51",,"41.6","50.7","32.4",,,,,,,
"USS0005J41S","LAKE ELDORA, CO US","2018",,"16","      215",,"-11","40",,"1.00","81","8476","24.51",,"40.8","50.0","31.7",,,,,,,
"USS0005J41S","LAKE ELDORA, CO US","2019",,"10","      223",,"-9","58",,"1.10","79","9427","29.12",,"39.4","48.8","30.0",,,,,,,
"USS0005J41S","LAKE ELDORA, CO US","2020",,"17","      205",,"-6","62",,"1.60","80","9110","24.72",,"40.9","50.5","31.4",,,,,,,
"USS0006L05S","SAINT ELMO, CO US","2015",,,"      223",,,"40",,"1.40",,,"24.31",,,,,,,,,,,
"USS0006L05S","SAINT ELMO, CO US","2016",,,"      193",,"-17","42",,"1.10",,"10078","22.30",,,,"24.7",,,,,,,
"USS0006L05S","SAINT ELMO, CO US","2017",,,"      222",,,"52",,"1.40",,,"29.63",,,,,,,,,,,
"USS0006L05S","SAINT ELMO, CO US","2018",,,"      208",,,"31",,"0.80",,,"18.80",,,,,,,,,,,
"USS0006L05S","SAINT ELMO, CO US","2019",,,"      236",,,"64",,"1.40",,,"31.83",,,,,,,,,,,
"USS0006L05S","SAINT ELMO, CO US","2020",,,"      204",,"-17","44",,"1.30",,,"20.53",,,,"22.4",,,,,,,
"USC00052790","EVERGREEN, CO US","2015",,"53","       97","        30","-10","17","15.5","2.05","89","7275","28.56","107.2","45.3","60.6","30.0",,,,,,,
"USC00052790","EVERGREEN, CO US","2016",,"91","       74","        20","-12","30","25.0","1.38","92","7123","14.91","103.4","45.8","62.1","29.4",,,,,,,
"USC00052790","EVERGREEN, CO US","2017",,"73","       35","        15","-12","15","15.0","1.12","90","6827","17.66","63.4","46.1","61.9","30.4",,,,,,,
"USC00052790","EVERGREEN, CO US","2018",,"95","       40","        17","-9","6","6.0","1.38","93","6910","13.78","45.4","45.5","61.5","29.5",,,,,,,
"USC00052790","EVERGREEN, CO US","2019",,"111","      105","        32","-10","12","12.0","1.39","92","7865","21.08","120.9","43.9","59.6","28.2",,,,,,,
"USC00052790","EVERGREEN, CO US","2020",,"104","       69","        26","-9","14","7.0","1.03","91","7263","12.28","77.8","45.2","61.7","28.6",,,,,,,
"USS0006K12S","MIDDLE FORK CAMP, CO US","2015","49.7","0","      190",,"-20","43",,"0.80","81","9765","25.14",,"37.8","53.0","22.7",,,,,,,
"USS0006K12S","MIDDLE FORK CAMP, CO US","2016","25.3","2","      183",,"-24","56",,"0.90","84","10253","24.32",,"38.0","53.8","22.2",,,,,,,
"USS0006K12S","MIDDLE FORK CAMP, CO US","2017",,"1","      185",,"-25","44",,"1.40","85","9227","26.52",,"40.3","56.0","24.7",,,,,,,
"USS0006K12S","MIDDLE FORK CAMP, CO US","2018",,"2","      192",,"-19","34",,"1.20","86","9018","23.15",,"38.9","55.3","22.5",,,,,,,
"USS0006K12S","MIDDLE FORK CAMP, CO US","2019",,"0","      210",,"-21","56",,"1.00","84","10081","26.44",,"37.3","53.5","21.0",,,,,,,
"USS0006K12S","MIDDLE FORK CAMP, CO US","2020",,"0","      199",,"-27","49",,"1.40","85","9841","21.54",,"38.7","55.5","21.8",,,,,,,
"USC00055020","LIMON ATWATER RANCH, CO US","2015",,,"       40","        13",,"9","6.5","1.92",,,"22.17","24.0",,,,,,,,,,
"USC00055020","LIMON ATWATER RANCH, CO US","2016",,,"       30","        10",,"10","10.0","1.15",,,"11.02","43.0",,,,,,,,,,
"USC00055020","LIMON ATWATER RANCH, CO US","2017",,,"       10","         7",,"4","4.0","2.00",,,"17.37","14.2",,,,,,,,,,
"USC00055020","LIMON ATWATER RANCH, CO US","2018",,,"        8","         6",,"6","6.5","1.42",,,"8.73","15.8",,,,,,,,,,
"USC00055020","LIMON ATWATER RANCH, CO US","2019",,,,,,,,,,,,,,,,,,,,,,
"USC00055020","LIMON ATWATER RANCH, CO US","2020",,,"       14","        10",,"4","4.0","2.40",,,"9.15","24.8",,,,,,,,,,
"USC00057167","ROCKY FORD 2 SE, CO US","2015",,"1231","       22","        11","-3","6","5.0","1.84","99","4885","14.22","24.4","55.9","72.8","39.0",,,,,,,
"USC00057167","ROCKY FORD 2 SE, CO US","2016",,,,,,,,,,"4573",,,,,,,,,,,,
"USC00057167","ROCKY FORD 2 SE, CO US","2017",,"1046","       13","         6","-20","9","9.0","2.97","101",,"21.97","21.3","55.9","73.5","38.3",,,,,,,
"USC00057167","ROCKY FORD 2 SE, CO US","2018",,,"        2","         4",,"1","2.5","1.68",,,"9.09","7.0",,,,,,,,,,
"USC00057167","ROCKY FORD 2 SE, CO US","2019",,"1133","       19","        15","-10","4","4.5","1.15","105","5367","11.31","33.1","52.5","69.4","35.6",,,,,,,
"USC00057167","ROCKY FORD 2 SE, CO US","2020",,"1063","       21","         9","-8","7","5.5","2.20","99","5500","11.06","29.2","52.8","69.9","35.7",,,,,,,
"US1COGN0041","GUNNISON 0.8 NNW, CO US","2015",,,,,,,,"0.55",,,"12.11",,,,,,,,,,,
"US1COGN0041","GUNNISON 0.8 NNW, CO US","2019",,,,,,,,"0.65",,,"12.13",,,,,,,,,,,
"US1COGN0041","GUNNISON 0.8 NNW, CO US","2020",,,,,,,,"0.57",,,"8.56",,,,,,,,,,,
"USC00053005","FORT COLLINS, CO US","2015",,"669","       59","        16","-3","8","7.4","1.62","96","5537","19.53","51.8","51.9","65.5","38.4",,,,"8646.4",,,
"USC00053005","FORT COLLINS, CO US","2016",,"698","       61","        10","-9","12","13.4","1.44","99","5499","11.66","59.0","52.1","66.3","38.0",,,"       240","8177.9",,,"55.9"
"USC00053005","FORT COLLINS, CO US","2017",,"635","       26","        13","-16","7","5.8","2.77","100","5108","17.13","38.4","52.4","66.4","38.5",,,"       276","9631.3",,,"42.9"
"USC00053005","FORT COLLINS, CO US","2018",,"714","       30","        12","-3","5","6.0","1.74","101","5447","13.65","35.1","51.4","65.5","37.3",,,"       299","9702.1",,,"48.1"
"USC00053005","FORT COLLINS, CO US","2019",,"695","       63","        20","-9","13","11.6","1.03","99","6175","15.45","72.7","49.6","63.3","35.8",,,"       269","8729.0",,,"40.0"
"USC00053005","FORT COLLINS, CO US","2020",,"771","       47","        18","-4","12","13.2","1.30","99","5863","11.90","64.7","51.5","66.2","36.7",,,"       273","8926.6",,,"40.9"
"USC00053246","GATEWAY 1 ENE, CO US","2015",,"1086",,"         7","4",,"2.5","0.87","102","4504","18.60","12.0","55.2","69.9","40.6",,,,,,,
"USC00053246","GATEWAY 1 ENE, CO US","2016",,"1147","        8","         5","2","2","3.5","1.17","104","4950","12.87","11.3","55.4","70.2","40.5",,,,,,,
"USC00053246","GATEWAY 1 ENE, CO US","2017",,"1373","        4","         4","1","3","2.5","0.69","105","4119","7.21","6.0","57.2","73.2","41.1",,,,,,,
"USC00053246","GATEWAY 1 ENE, CO US","2018",,"1584","        1","         4","9","2","1.8","1.14","103","4311","10.32","8.8","56.9","72.3","41.6",,,,,,,
"USC00053246","GATEWAY 1 ENE, CO US","2019",,"1211","       27","        10","1","6","7.0","1.34","100","4614","14.75","29.2","55.8","70.1","41.6",,,,,,,
"USC00053246","GATEWAY 1 ENE, CO US","2020",,"1440","       21","         4","9","4","1.9","0.76","103","4449","6.26","11.2","56.8","72.3","41.3",,,,,,,
"USR0000CDEV","DEVIL MOUNTAIN COLORADO, CO US","2015",,"354",,,"4",,,,"90","5580",,,"50.3","62.0","38.5",,,,,,,
"USR0000CDEV","DEVIL MOUNTAIN COLORADO, CO US","2016",,"435",,,"1",,,,"97","5975",,,"50.1","62.3","38.0",,,,,,,
"USR0000CDEV","DEVIL MOUNTAIN COLORADO, CO US","2017",,"483",,,"4",,,,"92","5575",,,"51.5","63.6","39.3",,,,,,,
"USR0000CDEV","DEVIL MOUNTAIN COLORADO, CO US","2018",,"579",,,"7",,,,"94","5180",,,"51.1","63.7","38.5",,,,,,,
"USR0000CDEV","DEVIL MOUNTAIN COLORADO, CO US","2019",,"504",,,"3",,,,"93","6442",,,"48.6","60.9","36.3",,,,,,,
"USR0000CDEV","DEVIL MOUNTAIN COLORADO, CO US","2020",,"652",,,"3",,,,"96","5895",,,"51.5","64.3","38.7",,,,,,,
"US1COLP0067","IGNACIO 2.9 N, CO US","2015",,,,,,,,,,,"20.22",,,,,,,,,,,
"US1COLP0067","IGNACIO 2.9 N, CO US","2016",,,,,,,,"1.37",,,"14.33",,,,,,,,,,,
"US1COLP0067","IGNACIO 2.9 N, CO US","2017",,,,,,,,"0.77",,,"11.84",,,,,,,,,,,
"US1COLP0067","IGNACIO 2.9 N, CO US","2018",,,,,,,,"0.76",,,"7.78",,,,,,,,,,,
"US1COLP0067","IGNACIO 2.9 N, CO US","2019",,,,,,,,"1.08",,,"14.73",,,,,,,,,,,
"US1COLP0067","IGNACIO 2.9 N, CO US","2020",,,,,,,,"0.68",,,"6.37",,,,,,,,,,,
"US1CORT0052","STEAMBOAT SPRINGS 2.5 N, CO US","2015",,,,,,,,"0.90",,,"25.68",,,,,,,,,,,
"US1CORT0052","STEAMBOAT SPRINGS 2.5 N, CO US","2016",,,,,,,,"0.91",,,"25.75",,,,,,,,,,,
"US1CORT0052","STEAMBOAT SPRINGS 2.5 N, CO US","2017",,,,,,,,"1.10",,,"23.71",,,,,,,,,,,
"US1CORT0052","STEAMBOAT SPRINGS 2.5 N, CO US","2018",,,,,,,,"1.20",,,"21.25",,,,,,,,,,,
"US1CORT0052","STEAMBOAT SPRINGS 2.5 N, CO US","2019",,,,,,,,"1.34",,,"29.72",,,,,,,,,,,
"US1CORT0052","STEAMBOAT SPRINGS 2.5 N, CO US","2020",,,,,,,,"0.96",,,"17.06",,,,,,,,,,,
"USS0006L06S","COCHETOPA PASS, CO US","2015",,"0","      166",,"-6","25",,"0.70","80","9066","17.39",,"39.7","50.6","28.9",,,,,,,
"USS0006L06S","COCHETOPA PASS, CO US","2016",,"0","      161",,"-11","23",,"0.90","81","9475","16.30",,"39.6","51.0","28.1",,,,,,,
"USS0006L06S","COCHETOPA PASS, CO US","2017",,"0","      179",,"-11","23",,"1.00","78","8982","18.33",,"40.9","52.6","29.3",,,,,,,
"USS0006L06S","COCHETOPA PASS, CO US","2018",,"1","      171",,"-4","16",,"0.80","82","8649","14.13",,"40.0","52.1","28.0",,,,,,,
"USS0006L06S","COCHETOPA PASS, CO US","2019",,"0","      201",,"-7","40",,"1.20","78","9853","19.63",,"38.1","49.9","26.3",,,,,,,
"USS0006L06S","COCHETOPA PASS, CO US","2020",,"0","      193",,"-10","26",,"0.70","82","9302","12.04",,"40.3","52.6","28.1",,,,,,,
"USS0005K05S","LOVELAND BASIN, CO US","2015",,"0","      242",,"-9","70",,"1.00","70","10878","31.45",,"35.2","44.9","25.6",,,,,,,
"USS0005K05S","LOVELAND BASIN, CO US","2016",,"0","      253",,"-11","82",,"1.10","71","11157","30.72",,"34.9","44.6","25.2",,,,,,,
"USS0005K05S","LOVELAND BASIN, CO US","2017",,"0","      262",,"-15","73",,"1.50","72","10765","36.33",,"35.6","45.1","26.0",,,,,,,
"USS0005K05S","LOVELAND BASIN, CO US","2018",,"0","      237",,"-12","77",,"1.00","73","10670","27.90",,"34.6","44.5","24.7",,,,,,,
"USS0005K05S","LOVELAND BASIN, CO US","2019",,"0","      262",,"-10","86",,"1.20","72","11602","32.19",,"33.5","43.4","23.5",,,,,,,
"USS0005K05S","LOVELAND BASIN, CO US","2020",,"0","      249",,"-13","74",,"1.00","73","11275","25.60",,"34.7","44.8","24.5",,,,,,,
"USC00055733","MONUMENT 3 S, CO US","2015",,,,,,,,,,,,,,,,,,,,,,
"USC00055733","MONUMENT 3 S, CO US","2016",,"276","       42","        18","-17","20","15.0","1.00","94","6816","16.11","76.5","47.3","62.3","32.3",,,,,,,
"USC00055733","MONUMENT 3 S, CO US","2017",,"276","       21","        16","-11","7","7.0","1.50","94","6242","16.79","38.8","48.5","63.6","33.3",,,,,,,
"USC00055733","MONUMENT 3 S, CO US","2018",,"374","       19","        11","-11","5","5.0","0.92","97","6353","10.44","29.8","47.4","62.6","32.3",,,,,,,
"USC00055733","MONUMENT 3 S, CO US","2019",,"314","       73","        23","-8","12","12.0","1.42","96","7369","17.41","75.8","45.7","60.1","31.3",,,,,,,
"USC00055733","MONUMENT 3 S, CO US","2020",,"449","       48","        19","-14","9","8.0","0.92","95","6977","10.69","59.5","47.5","62.9","32.0",,,,,,,
"USS0007M12S","MOLAS LAKE, CO US","2015",,"0","      212",,"-12","65",,"1.40","76","9686","35.91",,"37.9","49.9","26.0",,,,,,,
"USS0007M12S","MOLAS LAKE, CO US","2016",,"0","      191",,"-15","60",,"1.70","78","10198","32.09",,"37.5","49.7","25.3",,,,,,,
"USS0007M12S","MOLAS LAKE, CO US","2017",,,,,,,,"2.50",,,"29.44",,,,,,,,,,,
"USS0007M12S","MOLAS LAKE, CO US","2018",,"0","      208",,"-8","39",,"1.00","74","9498","24.41",,"37.7","50.2","25.1",,,,,,,
"USS0007M12S","MOLAS LAKE, CO US","2019",,"0","      240",,"-14","104",,"1.60","74","10692","41.02",,"35.8","48.4","23.2",,,,,,,
"USS0007M12S","MOLAS LAKE, CO US","2020",,"0","      219",,"-17","63",,"1.70","76","10135","21.22",,"37.9","50.8","25.0",,,,,,,
"USC00056266","PALISADE, CO US","2015",,"1082",,,"1",,,"0.68","99","4700","14.86",,"54.8","66.7","42.9",,,,,,,
"USC00056266","PALISADE, CO US","2016",,"1098",,,"6",,,"1.08","102","5235","11.69",,"54.2","66.2","42.2",,,,,,,
"USC00056266","PALISADE, CO US","2017",,"1341",,,"5",,,"0.51","100","4592","6.47",,"55.9","68.9","42.9",,,,,,,
"USC00056266","PALISADE, CO US","2018",,"1490",,,"14",,,"1.02","101","4535","9.50",,"55.5","68.4","42.7",,,,,,,
"USC00056266","PALISADE, CO US","2019",,"1200","       21","         7","5","4","4.3","1.12","99","5360","10.65","17.4","53.3","65.6","41.1",,,,,,,
"USC00056266","PALISADE, CO US","2020",,,"       21","         5",,"4","4.0","0.91","103","5115","5.48","14.5",,"68.2",,,,,,,,
"USC00057510","SEDALIA 4 SSE, CO US","2018",,,"       49","        13",,"7","7.0","1.33",,,"15.16","35.7",,,,,,,,,,
"USC00057510","SEDALIA 4 SSE, CO US","2020",,,,"        22",,,"8.0","1.08",,,"11.02","62.5",,,,,,,,,,
"US1COWE0127","CARR 0.6 S, CO US","2015",,,,,,,,"2.83",,,"21.11",,,,,,,,,,,
"US1COWE0127","CARR 0.6 S, CO US","2016",,,,,,,,"1.12",,,"11.17",,,,,,,,,,,
"US1COWE0127","CARR 0.6 S, CO US","2017",,,,,,,,"1.30",,,"13.13",,,,,,,,,,,
"US1COWE0127","CARR 0.6 S, CO US","2018",,,,,,,,"2.98",,,"14.09",,,,,,,,,,,
"US1COWE0127","CARR 0.6 S, CO US","2019",,,,,,,,"1.17",,,"15.70",,,,,,,,,,,
"US1COWE0127","CARR 0.6 S, CO US","2020",,,,,,,,"2.36",,,"11.70",,,,,,,,,,,
"USC00055970","NORTHDALE, CO US","2015",,,"       34",,,"18",,,,,"20.59",,,,,,,,,,,
"USC00055970","NORTHDALE, CO US","2016",,"292","       64","        11","-16","19","9.3",,"97",,,"29.7","45.9","62.0","29.8",,,,,,,
"USC00055970","NORTHDALE, CO US","2017",,"369",,,"-4",,,,"97","6723",,,"48.1","64.4","31.8",,,,,,,
"USC00055970","NORTHDALE, CO US","2018",,"415",,,"-6",,,,"96","6329","8.15",,"47.5","64.0","31.0",,,,,,,
"USC00055970","NORTHDALE, CO US","2019",,"352",,,"-10",,,,"94","7543",,,"44.9","59.9","29.9",,,,,,,
"USC00055970","NORTHDALE, CO US","2020",,"395","       79","         8","-6","8","6.0",,"97","7176",,"21.9","46.6","63.5","29.7",,,,,,,
"USC00051772","COLORADO NATIONAL MONUMENT, CO US","2015",,,,,,,,,,,"14.93",,,,,,,,,,,
"USC00051772","COLORADO NATIONAL MONUMENT, CO US","2016",,"1200",,,"5",,,"0.70","104","5218","12.79",,"54.0","65.2","42.9",,,,,,,
"USC00051772","COLORADO NATIONAL MONUMENT, CO US","2017",,"1284",,,"2",,,"0.60","102","4661","8.87",,"55.7","67.5","43.8",,,,,,,
"USC00051772","COLORADO NATIONAL MONUMENT, CO US","2018",,,,,,,,,,"4564","9.20",,,,,,,,,,,
"USC00051772","COLORADO NATIONAL MONUMENT, CO US","2019",,"1263",,,"2",,,"0.76","100",,"11.79",,"52.4","64.1","40.6",,,,,,,
"USC00051772","COLORADO NATIONAL MONUMENT, CO US","2020",,,,,,,,,,,,,,,,,,,,,,
"USR0000CDEM","DEMAREE COLORADO, CO US","2015",,"569",,,"6",,,,"91","6002",,,"49.7","59.1","40.4",,,,,,,
"USR0000CDEM","DEMAREE COLORADO, CO US","2016",,"609",,,"5",,,,"94","6459",,,"49.3","58.9","39.7",,,,,,,
"USR0000CDEM","DEMAREE COLORADO, CO US","2017",,"767",,,"0",,,,"95","6057",,,"50.6","60.3","40.8",,,,,,,
"USR0000CDEM","DEMAREE COLORADO, CO US","2018",,"881",,,"3",,,,"93","5883",,,"50.1","60.0","40.2",,,,,,,
"USR0000CDEM","DEMAREE COLORADO, CO US","2019",,"697",,,"0",,,,"92","6866",,,"47.8","57.6","37.9",,,,,,,
"USR0000CDEM","DEMAREE COLORADO, CO US","2020",,"900",,,"1",,,,"95","6593",,,"50.2","60.7","39.7",,,,,,,
"US1COKC0123","STRATTON 0.1 N, CO US","2016",,,,"        12",,,"9.0","1.58",,,"18.22","35.0",,,,,,,,,,
"US1COKC0123","STRATTON 0.1 N, CO US","2017",,,"       15","         6",,"2","4.0","2.06",,,"22.08","12.0",,,,,,,,,,
"US1COKC0123","STRATTON 0.1 N, CO US","2018",,,"       20","        15",,"5","5.0","1.54",,,"19.02","32.5",,,,,,,,,,
"US1COKC0123","STRATTON 0.1 N, CO US","2020",,,,,,,,"0.87",,,"9.23",,,,,,,,,,,
"USR0000CBAI","BAILEY COLORADO, CO US","2015",,,,,,,,,,"6660",,,,,,,,,,,,
"USR0000CBAI","BAILEY COLORADO, CO US","2017",,"162",,,"-7",,,,"90","6176",,,"47.9","60.5","35.3",,,,,,,
"USR0000CBAI","BAILEY COLORADO, CO US","2018",,"241",,,"-7",,,,"90","6202",,,"47.0","60.0","34.1",,,,,,,
"USR0000CBAI","BAILEY COLORADO, CO US","2019",,"285",,,"-9",,,,"93","7471",,,"45.6","58.6","32.6",,,,,,,
"USR0000CBAI","BAILEY COLORADO, CO US","2020",,"283",,,"-7",,,,"92","6814",,,"46.9","60.2","33.6",,,,,,,
"USC00051539","CHERAW 1 N, CO US","2015",,"1046","       23","         9","-8","4","6.0","1.64","101","5326","15.35","21.3","54.0","70.1","37.8",,,,,,,
"USC00051539","CHERAW 1 N, CO US","2016",,"1060","       12","         4","-22","5","5.0","1.60","103","5070","14.31","10.6","53.7","71.4","35.9",,,,,,,
"USC00051539","CHERAW 1 N, CO US","2017",,"923",,"         3","-19",,"4.0","2.41","102","4871","23.69","7.3","53.9","70.5","37.3",,,,,,,
"USC00051539","CHERAW 1 N, CO US","2018",,"1281","        3","         4","-3","1","1.3","2.31","106","5234","12.76","4.6","53.7","71.0","36.4",,,,,,,
"USC00051539","CHERAW 1 N, CO US","2019",,"908","        8","         7","-9","4","4.0","1.38","105","5673","12.02","18.9","50.9","68.3","33.4",,,,,,,
"USC00051539","CHERAW 1 N, CO US","2020",,,"       16","         6",,"4","4.0","1.22",,,"9.32","20.0",,,,,,,,,,
"USC00055446","MAYBELL, CO US","2015",,"143","       77","        15","-31","16","4.8","0.91","95","7594","13.65","42.8","44.0","61.0","26.9",,,,,,,
"USC00055446","MAYBELL, CO US","2016",,"164","      104","        19","-29","27","12.3","0.80","96","8727","12.50","59.8","42.1","59.3","24.8",,,,,,,
"USC00055446","MAYBELL, CO US","2017",,"149","       78","        17","-43","19","15.4","0.96","93","8072","13.91","67.6","43.3","60.9","25.8",,,,,,,
"USC00055446","MAYBELL, CO US","2019",,"192","      112","        20","-26","12","8.0","0.82","93","8829","16.30","69.9","41.0","58.0","23.9",,,,,,,
"USC00055446","MAYBELL, CO US","2020",,"205","      108","        23","-26","13","8.2","0.69","95","8686","8.55","59.1","41.8","60.4","23.3",,,,,,,
"USC00055722","MONTROSE NUMBER 2, CO US","2015",,"771","       40","        11","-5","15","15.1","1.23","98","5316","11.52","39.8","52.2","65.6","38.9",,,,,,,
"USC00055722","MONTROSE NUMBER 2, CO US","2016",,,,,,,,,,"5711",,,,,,,,,,,,
"USC00055722","MONTROSE NUMBER 2, CO US","2018",,"1159",,,"7",,,,"100","4974",,,"53.6","67.6","39.6",,,,,,,
"USC00055722","MONTROSE NUMBER 2, CO US","2019",,"895","       40","        11","-6","6","5.5",,"98","5881","8.83","24.2","51.0","64.8","37.2",,,,,,,
"USC00055722","MONTROSE NUMBER 2, CO US","2020",,"1058",,,"3",,,,"100","5710","5.35",,"52.7","67.2","38.1",,,,,,,
"USC00055327","MANCOS 1 SW, CO US","2015",,"197",,,"-8",,,"1.30","91","6076","20.05",,"48.3","63.7","33.0",,,,,,,
"USC00055327","MANCOS 1 SW, CO US","2016",,,,,"-9",,,"1.11","95","6777","17.17",,"47.4","63.3","31.5",,,,,,,
"USC00055327","MANCOS 1 SW, CO US","2017",,"213",,,"-11",,,"0.89","93",,"14.81",,"48.7","64.8","32.6",,,,,,,
"USC00055327","MANCOS 1 SW, CO US","2018",,"246","       42","        18","-8","10","10.0","0.92","93","5812","11.78","50.5","48.3","64.7","31.9",,,,,,,
"USC00055327","MANCOS 1 SW, CO US","2019",,"255","      106","        36","-12","20","10.0","1.18","93","7242","16.57","124.9","45.8","61.7","29.9",,,,,,,
"USC00055327","MANCOS 1 SW, CO US","2020",,"305","       46","        11","-5","6","9.5","1.19","94","6673","7.47","32.6","47.9","64.9","31.0",,,,,,,
"USR0000CSAN","SANBORN PARK COLORADO, CO US","2015",,"97",,,"-6",,,,"88","6789",,,"46.4","59.3","33.6",,,,,,,
"USR0000CSAN","SANBORN PARK COLORADO, CO US","2016",,"150",,,"-6",,,,"92","7063",,,"46.5","59.8","33.1",,,,,,,
"USR0000CSAN","SANBORN PARK COLORADO, CO US","2017",,"174",,,"-4",,,,"89","6632",,,"47.7","61.1","34.3",,,,,,,
"USR0000CSAN","SANBORN PARK COLORADO, CO US","2018",,"308",,,"0",,,,"91","6411",,,"47.0","60.5","33.4",,,,,,,
"USR0000CSAN","SANBORN PARK COLORADO, CO US","2019",,"186",,,"-4",,,,"89","7586",,,"44.7","58.4","31.0",,,,,,,
"USR0000CSAN","SANBORN PARK COLORADO, CO US","2020",,"293",,,"-8",,,,"93","7005",,,"46.8","61.0","32.5",,,,,,,
"US1COAR0043","DENVER 9.4 S, CO US","2015",,,,,,,,"2.06",,,"28.47",,,,,,,,,,,
"US1COAR0043","DENVER 9.4 S, CO US","2016",,,,,,,,"1.70",,,"17.23",,,,,,,,,,,
"US1COAR0043","DENVER 9.4 S, CO US","2017",,,,"        12",,,"7.1","1.51",,,"16.27","36.1",,,,,,,,,,
"US1COAR0043","DENVER 9.4 S, CO US","2018",,,,"        13",,,"5.8","1.26",,,"15.63","44.0",,,,,,,,,,
"US1COAR0043","DENVER 9.4 S, CO US","2019",,,,,,,,"1.73",,,"19.53",,,,,,,,,,,
"US1COAR0043","DENVER 9.4 S, CO US","2020",,,,"        22",,,"7.5","1.18",,,"11.13","70.2",,,,,,,,,,
"US1COLR0797","FORT COLLINS 5.4 N, CO US","2016",,,,,,,,"1.05",,,"10.95",,,,,,,,,,,
"US1COLR0797","FORT COLLINS 5.4 N, CO US","2017",,,,,,,,"2.36",,,"17.70",,,,,,,,,,,
"US1COLR0797","FORT COLLINS 5.4 N, CO US","2018",,,,,,,,"1.52",,,"11.49",,,,,,,,,,,
"US1COLR0797","FORT COLLINS 5.4 N, CO US","2019",,,,,,,,"0.93",,,"15.28",,,,,,,,,,,
"US1COLR0797","FORT COLLINS 5.4 N, CO US","2020",,,,,,,,"1.26",,,"11.61",,,,,,,,,,,
"US1COLR0036","TIMNATH 4.1 NNE, CO US","2015",,,,,,,,"2.33",,,"20.86",,,,,,,,,,,
"US1COLR0036","TIMNATH 4.1 NNE, CO US","2016",,,,,,,,"1.20",,,"10.64",,,,,,,,,,,
"US1COLR0036","TIMNATH 4.1 NNE, CO US","2017",,,,,,,,"1.51",,,"16.99",,,,,,,,,,,
"US1COLR0036","TIMNATH 4.1 NNE, CO US","2018",,,,,,,,"1.63",,,"12.06",,,,,,,,,,,
"US1COLR0036","TIMNATH 4.1 NNE, CO US","2019",,,,,,,,"0.80",,,"13.25",,,,,,,,,,,
"US1COLR0036","TIMNATH 4.1 NNE, CO US","2020",,,,,,,,"0.88",,,"9.78",,,,,,,,,,,
"US1COEP0189","FALCON ESTATES 2.4 WNW, CO US","2016",,,,,,,,"2.08",,,"21.55",,,,,,,,,,,
"US1COEP0189","FALCON ESTATES 2.4 WNW, CO US","2017",,,,,,,,"1.36",,,"20.20",,,,,,,,,,,
"US1COEP0189","FALCON ESTATES 2.4 WNW, CO US","2018",,,,,,,,"2.22",,,"17.38",,,,,,,,,,,
"US1COEP0189","FALCON ESTATES 2.4 WNW, CO US","2019",,,,,,,,"1.67",,,"21.75",,,,,,,,,,,
"US1COEP0189","FALCON ESTATES 2.4 WNW, CO US","2020",,,,,,,,"0.64",,,"11.76",,,,,,,,,,,
"US1COWA0067","ANTON 5.8 SE, CO US","2015",,,,,,,,"2.09",,,"23.67",,,,,,,,,,,
"US1COWA0067","ANTON 5.8 SE, CO US","2016",,,,,,,,"2.15",,,"15.03",,,,,,,,,,,
"US1COWA0067","ANTON 5.8 SE, CO US","2017",,,,,,,,"1.70",,,"16.88",,,,,,,,,,,
"US1COWA0067","ANTON 5.8 SE, CO US","2018",,,,,,,,"1.35",,,"15.84",,,,,,,,,,,
"US1COWA0067","ANTON 5.8 SE, CO US","2019",,,,,,,,"1.34",,,"14.07",,,,,,,,,,,
"US1COWA0067","ANTON 5.8 SE, CO US","2020",,,,,,,,"0.86",,,"9.72",,,,,,,,,,,
"USC00050797","BLUE MESA LAKE, CO US","2015",,"39",,,"-22",,,,"89","8602",,,"41.1","56.0","26.0",,,,,,,
"USC00050797","BLUE MESA LAKE, CO US","2018",,"152",,"        16","-12",,"5.0","0.40","91",,"5.53","39.2","41.7","58.3","25.0",,,,,,,
"USC00050797","BLUE MESA LAKE, CO US","2019",,"55","      135","        21","-25","25","10.0","0.80","89","10036","8.35","65.5","37.7","53.5","21.9",,,,,,,
"USC00050797","BLUE MESA LAKE, CO US","2020",,"115","      125","        22","-20","12","7.0","0.60","92","8970","7.15","47.6","41.2","57.9","24.4",,,,,,,
"US1COEP0037","COLORADO SPRINGS 5.7 WNW, CO US","2015",,,"       60","        21",,"12","6.5","2.55",,,"31.06","76.6",,,,,,,,,,
"US1COEP0037","COLORADO SPRINGS 5.7 WNW, CO US","2016",,,"       44","        19",,"14","8.0","1.15",,,"16.94","68.3",,,,,,,,,,
"US1COEP0037","COLORADO SPRINGS 5.7 WNW, CO US","2017",,,"       20","        14",,"8","7.6","1.30",,,"19.99","41.4",,,,,,,,,,
"US1COEP0037","COLORADO SPRINGS 5.7 WNW, CO US","2019",,,"       60","        23",,"11","9.3","1.72",,,"19.19","91.0",,,,,,,,,,
"US1COEP0037","COLORADO SPRINGS 5.7 WNW, CO US","2020",,,"       36","        16",,"8","6.8","1.69",,,"13.85","60.4",,,,,,,,,,
"USS0006J18S","BUFFALO PARK, CO US","2015",,,"      222",,,"55",,"0.90",,"10293","19.91",,,,,,,,,,,
"USS0006J18S","BUFFALO PARK, CO US","2016",,,"      203",,,"65",,"1.00",,,"24.80",,,,,,,,,,,
"USS0006J18S","BUFFALO PARK, CO US","2017",,,"      247",,,"53",,"1.60",,,"24.44",,,,,,,,,,,
"USS0006J18S","BUFFALO PARK, CO US","2018",,,"      229",,,"60",,"1.20","84",,"22.52",,,"51.4",,,,,,,,
"USS0006J18S","BUFFALO PARK, CO US","2019",,,"      246",,,"60",,"1.90","81",,"27.74",,,"49.5",,,,,,,,
"USS0006J18S","BUFFALO PARK, CO US","2020",,,"      223",,,"68",,"1.90","83",,"22.48",,,"51.2",,,,,,,,
"US1COGR0052","PARSHALL 3.0 NNW, CO US","2015",,,,"        26",,,"5.5","1.00",,,"13.30","75.0",,,,,,,,,,
"US1COGR0052","PARSHALL 3.0 NNW, CO US","2016",,,,"        29",,,"6.5","0.79",,,"13.48","80.6",,,,,,,,,,
"US1COGR0052","PARSHALL 3.0 NNW, CO US","2017",,,"       81","        27",,"16","9.0","0.69",,,"13.72","86.6",,,,,,,,,,
"US1COGR0052","PARSHALL 3.0 NNW, CO US","2018",,,"       84","        23",,"7","7.0","0.55",,,"11.07","66.8",,,,,,,,,,
"US1COGR0052","PARSHALL 3.0 NNW, CO US","2019",,,,"        32",,,"4.8","0.83",,,"14.17","87.0",,,,,,,,,,
"US1COGR0052","PARSHALL 3.0 NNW, CO US","2020",,,,"        23",,,"9.4","1.02",,,"9.38","76.3",,,,,,,,,,
"USC00056205","OURAY NUMBER 2, CO US","2015",,"114","       98","        35","-4","21","19.1","0.98","89","6943","23.92","140.6","46.1","57.8","34.3",,,,,,,
"USC00056205","OURAY NUMBER 2, CO US","2016",,"111","      103","        39","-2","17","13.3","1.11","90","7256","21.91","163.1","45.8","57.7","33.7",,,,,,,
"USC00056205","OURAY NUMBER 2, CO US","2017",,"147","       87","        33","-3","15","11.0","1.01","88","6830","21.00","132.6","47.2","59.6","34.9",,,,,,,
"USC00056205","OURAY NUMBER 2, CO US","2018",,"236","      102","        33","2","11","12.2","1.19","89","6454","20.08","140.8","46.8","59.1","34.4",,,,,,,
"USC00056205","OURAY NUMBER 2, CO US","2019",,"179","      145","        52","-5","16","12.8","0.94","89","7739","24.46","204.7","44.3","56.2","32.5",,,,,,,
"USC00056205","OURAY NUMBER 2, CO US","2020",,"270","      125","        31","-5","18","11.0","1.07","89","7130","17.01","136.0","46.4","58.9","33.9",,,,,,,
"USS0005K27S","ECHO LAKE, CO US","2015",,"0","      237",,"-7","44",,"1.40","75","10090","34.31",,"37.5","47.2","27.8",,,,,,,
"USS0005K27S","ECHO LAKE, CO US","2016",,"0","      218",,"-12","65",,"1.80","76","10156","22.72",,"37.9","47.8","28.0",,,,,,,
"USS0005K27S","ECHO LAKE, CO US","2017",,"0","      254",,"-14","48",,"1.60","75","9681","29.42",,"38.3","47.9","28.7",,,,,,,
"USS0005K27S","ECHO LAKE, CO US","2018",,"0","      219",,"-14","21",,"0.80","77","9591","16.69",,"37.6","47.7","27.5",,,,,,,
"USS0005K27S","ECHO LAKE, CO US","2019",,"0","      244",,"-13","43",,"1.00","74","10649","24.60",,"36.3","46.4","26.1",,,,,,,
"USS0005K27S","ECHO LAKE, CO US","2020",,"0","      222",,"-14","43",,"1.40","76","10155","18.13",,"37.7","48.2","27.2",,,,,,,
"US1COGF0047","CARBONDALE 0.5 W, CO US","2015",,,,,,,,"1.07",,,"19.10",,,,,,,,,,,
"US1COGF0047","CARBONDALE 0.5 W, CO US","2016",,,,,,,,"0.50",,,"11.60",,,,,,,,,,,
"US1COGF0047","CARBONDALE 0.5 W, CO US","2017",,,,,,,,"0.87",,,"14.06",,,,,,,,,,,
"US1COGF0047","CARBONDALE 0.5 W, CO US","2018",,,,,,,,"1.12",,,"13.80",,,,,,,,,,,
"US1COGF0047","CARBONDALE 0.5 W, CO US","2019",,,,,,,,"0.75",,,"15.98",,,,,,,,,,,
"US1COGF0047","CARBONDALE 0.5 W, CO US","2020",,,,,,,,"0.98",,,"10.56",,,,,,,,,,,
"USS0006K43S","ROUGH AND TUMBLE, CO US","2015",,"0","      228",,"-10","38",,"1.40","78","9451","25.02",,"38.9","49.5","28.3",,,,,,,
"USS0006K43S","ROUGH AND TUMBLE, CO US","2016",,"0","      185",,"-12","40",,"1.30","79","9669","17.43",,"38.9","49.7","28.1",,,,,,,
"USS0006K43S","ROUGH AND TUMBLE, CO US","2017",,"0","      217",,"-13","28",,"1.40","76","9340","21.94",,"39.7","50.2","29.1",,,,,,,
"USS0006K43S","ROUGH AND TUMBLE, CO US","2018",,,"      203",,,"17",,"0.80",,,"13.05",,,,,,,,,,,
"USS0006K43S","ROUGH AND TUMBLE, CO US","2019",,,"      231",,,"39",,"1.30",,,"21.16",,,,,,,,,,,
"USS0006K43S","ROUGH AND TUMBLE, CO US","2020",,,"      208",,"-19","35",,"1.20",,,"15.15",,,,"22.7",,,,,,,
"USS0008M10S","COLUMBUS BASIN, CO US","2015",,"0","      238",,"-3","66",,"2.20","71","9600","46.43",,"38.3","46.7","29.8",,,,,,,
"USS0008M10S","COLUMBUS BASIN, CO US","2016",,"0","      218",,"-7","73",,"2.20","74","9974","43.30",,"38.0","46.6","29.4",,,,,,,
"USS0008M10S","COLUMBUS BASIN, CO US","2017",,"0","      231",,"-9","110",,"2.70","72","9750","39.63",,"39.0","47.6","30.4",,,,,,,
"USS0008M10S","COLUMBUS BASIN, CO US","2018",,"0","      216",,"-5","47",,"1.90","73","9312","32.46",,"38.4","47.2","29.6",,,,,,,
"USS0008M10S","COLUMBUS BASIN, CO US","2019",,,"      249",,,"142",,"2.20",,"10437","56.00",,,,,,,,,,,
"USS0008M10S","COLUMBUS BASIN, CO US","2020",,"0","      224",,"-6","86",,"1.40","75",,"24.03",,"38.9","47.9","29.9",,,,,,,
"US1COLR0247","ESTES PARK 3.3 SSW, CO US","2015",,,,,,,,"2.32",,,"21.45",,,,,,,,,,,
"US1COLR0247","ESTES PARK 3.3 SSW, CO US","2016",,,,,,,,"0.60",,,"12.56",,,,,,,,,,,
"US1COLR0247","ESTES PARK 3.3 SSW, CO US","2017",,,,,,,,"1.55",,,"22.43",,,,,,,,,,,
"US1COLR0247","ESTES PARK 3.3 SSW, CO US","2018",,,,,,,,"0.90",,,"12.39",,,,,,,,,,,
"US1COLR0247","ESTES PARK 3.3 SSW, CO US","2019",,,,,,,,"0.90",,,"18.60",,,,,,,,,,,
"US1COLR0247","ESTES PARK 3.3 SSW, CO US","2020",,,,,,,,"0.95",,,"13.02",,,,,,,,,,,
"USS0005J46S","HIGH LONESOME, CO US","2015",,"0","      237",,"-7","60",,"1.00","74",,"28.43",,"37.7","46.6","28.7",,,,,,,
"USS0005J46S","HIGH LONESOME, CO US","2016",,"0","      229",,"-12","75",,"1.20","76","10114","31.63",,"37.4","46.7","28.2",,,,,,,
"USS0005J46S","HIGH LONESOME, CO US","2017",,"0","      235",,"-14","57",,"1.50","76","9771","29.92",,"38.1","47.4","28.8",,,,,,,
"USS0005J46S","HIGH LONESOME, CO US","2018",,"0","      236",,"-5","66",,"1.40","77","9753","30.81",,"37.4","46.6","28.2",,,,,,,
"USS0005J46S","HIGH LONESOME, CO US","2019",,"0","      258",,"-7","77",,"1.20","75","10619","33.42",,"35.9","45.4","26.4",,,,,,,
"USS0005J46S","HIGH LONESOME, CO US","2020",,"0","      233",,"-14","74",,"1.20","76","10407","29.68",,"37.4","47.0","27.7",,,,,,,
"USC00050105","AGUILAR 18 WSW, CO US","2015",,,,,,,,,,,"23.18",,,,,,,,,,,
"USC00050105","AGUILAR 18 WSW, CO US","2016",,,,,,,,,,,,,,,,,,,,,,
"USC00050105","AGUILAR 18 WSW, CO US","2017",,,,,,,,,,,,,,,,,,,,,,
"USC00050105","AGUILAR 18 WSW, CO US","2018",,,"       85","        21",,"12","14.0","1.46",,,"18.63","73.4",,,,,,,,,,
"USC00050105","AGUILAR 18 WSW, CO US","2019",,,"      138","        40",,"18","12.0","1.33",,,"22.83","138.5",,,,,,,,,,
"USC00050105","AGUILAR 18 WSW, CO US","2020",,,"      107","        25",,"20","19.0","1.50",,,"12.53","79.6",,,,,,,,,,
"USC00054945","LEROY 5 WSW, CO US","2015",,,"       62","        14",,"9","3.7","1.48",,,"18.87","36.4",,,,,,,,,,
"USC00054945","LEROY 5 WSW, CO US","2016",,"681","       55","        15","-11","9","7.5","1.47","98","6020","16.48","45.4","49.9","63.7","36.2",,,,,,,
"USC00054945","LEROY 5 WSW, CO US","2017",,"711","       23","        11","-12","2","3.0","1.20","102","5960","15.42","21.0","49.9","64.0","35.9",,,,,,,
"USC00054945","LEROY 5 WSW, CO US","2018",,"619","       26","        11","-11","5","6.0","3.12","101","6498","22.67","30.1","48.2","62.2","34.2",,,,,,,
"USC00054945","LEROY 5 WSW, CO US","2019",,"491","       51","        15","-14","4","6.0","1.07","99","7188","15.42","39.4","46.5","60.4","32.5",,,,,,,
"USC00054945","LEROY 5 WSW, CO US","2020",,"857","       36","        16","-3","5","5.0","1.09","103","6667","12.11","33.2","49.5","64.1","35.0",,,,,,,
"USC00056320","PARADOX 2 N, CO US","2015",,"712","       27","        15","-4","8","4.0","1.26","103","5342","17.86","35.4","51.7","67.7","35.6",,,,,,,
"USC00056320","PARADOX 2 N, CO US","2016",,"770","       51","         5","-4","9","4.5","0.93","105","6020","10.56","14.6","51.3","67.9","34.6",,,,,,,
"USC00056320","PARADOX 2 N, CO US","2017",,,"       16","         4",,"6","5.5","0.52",,"5228","6.33","12.3",,,,,,,,,,
"USC00056320","PARADOX 2 N, CO US","2018",,"1131","       22","         6","-2","6","6.0","1.05","104",,"8.60","16.8","52.3","69.8","34.8",,,,,,,
"USC00056320","PARADOX 2 N, CO US","2019",,"859","       49","        13","-7","7","4.5","1.09","101","6262","14.84","35.9","50.1","66.5","33.6",,,,,,,
"USC00056320","PARADOX 2 N, CO US","2020",,"1077","       33","         4","-5","4","3.8","0.39","105","5959","5.46","11.7","51.9","70.1","33.6",,,,,,,
"US1COJF0063","GOLDEN 4.8 NW, CO US","2016",,,,,,,,"1.71",,,"17.33",,,,,,,,,,,
"US1COJF0063","GOLDEN 4.8 NW, CO US","2017",,,,,,,,"1.21",,,"23.20",,,,,,,,,,,
"US1COJF0063","GOLDEN 4.8 NW, CO US","2018",,,,,,,,"1.91",,,"19.31",,,,,,,,,,,
"US1COJF0063","GOLDEN 4.8 NW, CO US","2019",,,,,,,,"1.39",,,"20.89",,,,,,,,,,,
"US1COJF0063","GOLDEN 4.8 NW, CO US","2020",,,,,,,,"0.95",,,"13.48",,,,,,,,,,,
"US1COPH0037","HAXTUN 0.2 N, CO US","2015",,,,,,,,"1.52",,,"18.57",,,,,,,,,,,
"US1COPH0037","HAXTUN 0.2 N, CO US","2016",,,,,,,,"1.20",,,"18.01",,,,,,,,,,,
"US1COPH0037","HAXTUN 0.2 N, CO US","2017",,,,,,,,"1.20",,,"15.81",,,,,,,,,,,
"US1COPH0037","HAXTUN 0.2 N, CO US","2018",,,,,,,,"0.92",,,"15.29",,,,,,,,,,,
"US1COPH0037","HAXTUN 0.2 N, CO US","2019",,,,,,,,"1.25",,,"18.18",,,,,,,,,,,
"US1COPH0037","HAXTUN 0.2 N, CO US","2020",,,,,,,,"1.12",,,"11.78",,,,,,,,,,,
"US1CODG0074","HIGHLANDS RANCH 3.2 ESE, CO US","2016",,,"       63","        16",,"20","15.3","1.74",,,"17.29","77.1",,,,,,,,,,
"US1CODG0074","HIGHLANDS RANCH 3.2 ESE, CO US","2017",,,"       26","        15",,"9","7.6","1.62",,,"17.55","44.5",,,,,,,,,,
"US1CODG0074","HIGHLANDS RANCH 3.2 ESE, CO US","2018",,,"       29","        11",,"8","7.6","0.96",,,"14.40","46.0",,,,,,,,,,
"US1CODG0074","HIGHLANDS RANCH 3.2 ESE, CO US","2019",,,"      100","        27",,"11","9.3","1.57",,,"18.28","93.0",,,,,,,,,,
"US1CODG0074","HIGHLANDS RANCH 3.2 ESE, CO US","2020",,,"       75","        22",,"13","10.3","1.05",,,"10.38","69.4",,,,,,,,,,
"USW00093005","DURANGO LA PLATA CO AIRPORT, CO US","2015","5.6","243",,,"-10",,,"1.11","93","6318","20.08",,"47.5","62.7","32.4","       320","       320",,,"38.0","51.0",
"USW00093005","DURANGO LA PLATA CO AIRPORT, CO US","2016","6.0","298",,,"-17",,,"1.12","96","7241","13.63",,"46.5","62.6","30.5","       300","       270",,,"40.9","57.0",
"USW00093005","DURANGO LA PLATA CO AIRPORT, CO US","2017","6.3","328",,,"-12",,,"0.66","96","6463","9.30",,"48.3","64.5","32.0","        30","       250",,,"40.0","51.0",
"USW00093005","DURANGO LA PLATA CO AIRPORT, CO US","2018","6.5","381",,,"-7",,,"0.70","95","6264","6.58",,"48.1","64.7","31.5","        10","       250",,,"42.9","55.9",
"USW00093005","DURANGO LA PLATA CO AIRPORT, CO US","2019","6.0","332",,,"-17",,,"1.06","94","7519","15.59",,"44.9","60.8","29.0","       290","       220",,,"38.0","63.1",
"USW00093005","DURANGO LA PLATA CO AIRPORT, CO US","2020","6.3","420",,,"-8",,,"1.02","98","6842","7.36",,"47.8","64.8","30.9","       260","       260",,,"48.1","68.0",
"US1COAR0214","CENTENNIAL 2.0 SW, CO US","2016",,,,,,,,"2.04",,,"17.72",,,,,,,,,,,
"US1COAR0214","CENTENNIAL 2.0 SW, CO US","2020",,,,,,,,"1.55",,,"11.73",,,,,,,,,,,
"US1COBO0004","BOULDER 2.9 S, CO US","2015",,,,"        23",,,"10.9","2.07",,,"26.35","96.3",,,,,,,,,,
"US1COBO0004","BOULDER 2.9 S, CO US","2016",,,,"        15",,,"15.8","1.79",,,"17.17","93.0",,,,,,,,,,
"US1COBO0004","BOULDER 2.9 S, CO US","2017",,,,"        19",,,"12.4","2.23",,,"20.97","68.4",,,,,,,,,,
"US1COBO0004","BOULDER 2.9 S, CO US","2018",,,,"        17",,,"8.4","1.04",,,"17.83","63.7",,,,,,,,,,
"US1COBO0004","BOULDER 2.9 S, CO US","2019",,,,"        29",,,"17.1","1.29",,,"20.80","116.0",,,,,,,,,,
"US1COBO0004","BOULDER 2.9 S, CO US","2020",,,,"        27",,,"10.9","1.57",,,"16.67","113.9",,,,,,,,,,
"US1COBO0002","BROOMFIELD 1.2 NE, CO US","2017",,,"       28","        13",,"8","7.7","1.60",,,"17.83","52.0",,,,,,,,,,
"US1COBO0002","BROOMFIELD 1.2 NE, CO US","2018",,,"       29","        14",,"6","5.4","1.49",,,"15.06","45.1",,,,,,,,,,
"US1COBO0002","BROOMFIELD 1.2 NE, CO US","2019",,,"       69","        26",,"13","9.8","1.41",,,"21.26","98.8",,,,,,,,,,
"US1COBO0002","BROOMFIELD 1.2 NE, CO US","2020",,,"       49","        21",,"9","8.3","1.60",,,"12.36","71.4",,,,,,,,,,
"USC00054135","HOURGLASS RESERVOIR, CO US","2016",,,"      177","        64",,"48","24.0","1.16",,"9545","24.38","219.9",,,,,,,,,,
"USC00054135","HOURGLASS RESERVOIR, CO US","2017",,,"      185","        72",,"36","24.0",,,,,"287.4",,,,,,,,,,
"USC00054135","HOURGLASS RESERVOIR, CO US","2018",,"7","      192","        69","-15","31","9.0","1.08","87","9129","23.58","203.9","38.2","51.2","25.2",,,,,,,
"USC00054135","HOURGLASS RESERVOIR, CO US","2019",,"7","      203","        69","-20","45","20.0","2.10","85","10163","27.61","233.3","36.6","49.4","23.8",,,,,,,
"USC00054135","HOURGLASS RESERVOIR, CO US","2020",,"0","      198","        59","-21","46","18.0","1.20","83","9908","22.55","197.4","38.0","51.2","24.7",,,,,,,
"USC00051660","CLIMAX, CO US","2015",,"0","      225","        79","-18","60","12.0","0.84","73","11399","25.67","254.7","33.8","45.7","22.0",,,,,,,
"USC00051660","CLIMAX, CO US","2016",,"0","      204","        77","-15","63","18.0","1.10","78","11416","25.04","297.5","34.4","46.6","22.3",,,,,,,
"USC00051660","CLIMAX, CO US","2017",,,"      234","        78",,"62","20.5","1.35",,"11028","27.17","334.1",,,,,,,,,,
"USC00051660","CLIMAX, CO US","2018",,,"      222","        76","-21","69","16.0","1.20",,,"24.00","298.2",,,"20.4",,,,,,,
"USC00051660","CLIMAX, CO US","2019",,,"      242","        94","-22","94","20.0","0.88",,,"28.09","364.1",,,"19.3",,,,,,,
"USC00051660","CLIMAX, CO US","2020",,"0","      210","        78","-22","68","11.0","1.01","78","11412","21.87","270.5","34.0","47.1","20.8",,,,,,,
"US1COLR0412","FORT COLLINS 2.9 NW, CO US","2015",,,,,,,,"1.86",,,"21.14",,,,,,,,,,,
"US1COLR0412","FORT COLLINS 2.9 NW, CO US","2016",,,,,,,,"1.11",,,"12.15",,,,,,,,,,,
"US1COLR0412","FORT COLLINS 2.9 NW, CO US","2017",,,,,,,,"2.51",,,"18.20",,,,,,,,,,,
"US1COLR0412","FORT COLLINS 2.9 NW, CO US","2018",,,,,,,,"1.69",,,"14.28",,,,,,,,,,,
"US1COLR0412","FORT COLLINS 2.9 NW, CO US","2019",,,,,,,,"1.30",,,"17.28",,,,,,,,,,,
"US1COLR0412","FORT COLLINS 2.9 NW, CO US","2020",,,,,,,,"1.12",,,"12.95",,,,,,,,,,,
"USS0005L11S","GLEN COVE, CO US","2015",,"0","      230",,"-9","32",,"1.70","70","10326","35.35",,"36.8","46.1","27.5",,,,,,,
"USS0005L11S","GLEN COVE, CO US","2016",,,"      203",,,"58",,"2.90",,"10497","31.13",,,,,,,,,,,
"USS0005L11S","GLEN COVE, CO US","2017",,"0","      159",,"-16","34",,"1.20","69",,"31.82",,"37.1","46.1","28.1",,,,,,,
"USS0005L11S","GLEN COVE, CO US","2018",,"0","      131",,"-10","8",,"1.20","72","9964","20.04",,"36.4","45.7","27.1",,,,,,,
"USS0005L11S","GLEN COVE, CO US","2019",,"0","      216",,"-10","33",,"1.60","71","11086","29.22",,"35.8","45.2","26.3",,,,,,,
"USS0005L11S","GLEN COVE, CO US","2020",,"0","      194",,"-13","23",,"1.10","72","10178","22.33",,"37.1","47.1","27.0",,,,,,,
"USC00054538","KIM 15 NNE, CO US","2015",,"1014","       32","        11","-5","14","9.6","1.35","103","5217","18.36","45.3","53.9","68.8","39.1",,,,,,,
"USC00054538","KIM 15 NNE, CO US","2016",,"1021","       13","         6","-13","5","4.1","1.15","103","4979","13.59","17.7","54.4","71.1","37.8",,,,,,,
"USC00054538","KIM 15 NNE, CO US","2017",,"771","       21","        10","-10","18","13.6","1.91","101","4690","26.07","45.8","53.9","69.8","38.0",,,,,,,
"USC00054538","KIM 15 NNE, CO US","2018",,"1211","       15","         7","-3","6","5.5","1.23","104","4850","13.55","21.7","54.0","70.2","37.8",,,,,,,
"USC00054538","KIM 15 NNE, CO US","2019",,"1112","       39","        17","-5","9","8.9","1.18","106","5715","15.05","50.6","52.2","68.6","35.9",,,,,,,
"USC00054538","KIM 15 NNE, CO US","2020",,"1218","       35","        14","-9","7","5.3","0.83","102","5374","13.55","38.0","53.9","70.7","37.2",,,,,,,
"USC00054934","LEMON DAM, CO US","2015",,"22","       97","        30","-4","25","18.0","2.25","84","7495","34.66","136.0","44.1","57.1","31.2",,,,,,,
"USC00054934","LEMON DAM, CO US","2016",,"69",,,"-10",,,"2.71","90","7900","26.34",,"43.9","57.6","30.2",,,,,,,
"USC00054934","LEMON DAM, CO US","2017",,"39",,,"-12",,,"1.42","88","7569","23.94",,"44.9","58.8","31.0",,,,,,,
"USC00054934","LEMON DAM, CO US","2018",,"77","       61","        25","-9","13","7.0","0.97","90","7120","18.21","82.8","44.7","59.4","29.9",,,,,,,
"USC00054934","LEMON DAM, CO US","2019",,"69","      152","        52","-12","68","18.9","1.53","87","8526","32.62","271.5","41.7","56.0","27.4",,,,,,,
"USC00054934","LEMON DAM, CO US","2020",,"93","      100","        16","-11","24","11.9","1.45","91","7866","17.53","67.6","44.5","59.5","29.4",,,,,,,
"USR0000CRED","RED DEER COLORADO, CO US","2015",,,,,,,,,,"7346",,,,,,,,,,,,
"USR0000CRED","RED DEER COLORADO, CO US","2016",,"47",,,"-6",,,,"87",,,,"44.7","57.8","31.5",,,,,,,
"USR0000CRED","RED DEER COLORADO, CO US","2017",,"27",,,"-9",,,,"87","7159",,,"45.4","58.3","32.5",,,,,,,
"USR0000CRED","RED DEER COLORADO, CO US","2018",,"67",,,"-1",,,,"88","6990",,,"44.8","57.9","31.6",,,,,,,
"USR0000CRED","RED DEER COLORADO, CO US","2019",,"38",,,"-5",,,,"87","8304",,,"42.6","55.7","29.4",,,,,,,
"USR0000CRED","RED DEER COLORADO, CO US","2020",,"82",,,"-9",,,,"89","7654",,,"44.6","58.4","30.8",,,,,,,
"USC00052631","ELIZABETH 2 NW, CO US","2020",,"825","       78","        21","-2","8","8.3","1.08","97","5927","13.03","71.5","51.4","65.6","37.2",,,,,,,
"USC00054413","JULESBURG, CO US","2015",,,,,,,,,,,,,,,,,,,,,,
"USC00054413","JULESBURG, CO US","2016",,,,,,,,,,,,,,,,,,,,,,
"USC00054413","JULESBURG, CO US","2018",,"831","       43","        13","-13","4","4.5","2.00","98","6490","25.10","33.0","48.8","62.1","35.4",,,,,,,
"USC00054413","JULESBURG, CO US","2019",,,"       30","         9",,"8","7.5","2.50",,,"22.89","24.8",,,,,,,,,,
"USC00054413","JULESBURG, CO US","2020",,,"       20","         9",,"4","4.1",,,,,"25.7",,,,,,,,,,
"USS0007M30S","SLUMGULLION, CO US","2015",,"0","      224",,"-9","59",,"0.90","74","10109","26.20",,"36.9","47.0","26.7",,,,,,,
"USS0007M30S","SLUMGULLION, CO US","2016",,"0","      202",,"-14","54",,"1.20","75","10461","23.02",,"36.9","46.5","27.2",,,,,,,
"USS0007M30S","SLUMGULLION, CO US","2017",,"0","      212",,"-11","55",,"0.70","74","10097","22.63",,"37.8","47.4","28.3",,,,,,,
"USS0007M30S","SLUMGULLION, CO US","2018",,"0","      217",,"-7","36",,"0.90","74","9767","18.72",,"37.1","46.9","27.2",,,,,,,
"USS0007M30S","SLUMGULLION, CO US","2019",,"0","      231",,"-13","88",,"1.80","72","10855","31.71",,"35.4","45.1","25.6",,,,,,,
"USS0007M30S","SLUMGULLION, CO US","2020",,"0","      207",,"-13","53",,"1.40","74","10290","19.31",,"37.0","47.1","27.0",,,,,,,
"USC00058582","VALLECITO DAM, CO US","2015",,,,,,,,,,"7068",,,,,,,,,,,,
"USC00058582","VALLECITO DAM, CO US","2016",,"101","       99","        24","-14","28","10.0","2.25","91",,"27.67","73.5","44.7","59.7","29.7",,,,,,,
"USC00058582","VALLECITO DAM, CO US","2017",,"73","       84","        21","-7","35","12.0","1.40","88","7072","21.88","63.5","46.5","61.0","32.0",,,,,,,
"USC00058582","VALLECITO DAM, CO US","2018",,"138","       58","        28","-10","13","11.0","1.00","92","6701","16.58","75.4","45.7","61.2","30.2",,,,,,,
"USC00058582","VALLECITO DAM, CO US","2019",,"130","      140","        52","-16","56","20.0","1.43","89","8265","28.72","215.4","42.3","57.4","27.3",,,,,,,
"USC00058582","VALLECITO DAM, CO US","2020",,"139","      100","        19","-8","19","10.0","1.52","92","7657","14.78","58.2","45.4","61.0","29.8",,,,,,,
